{
"lengthUnit": "mil",
"components": {
	"fields": ["COMPONENT_NO", "COMPONENT_NAME", "LAYER", "X_COORDINATE", "Y_COORDINATE", "ANGLE"],
	"rows": [
		[1, "FB1", "T", -345.31, 132.34, 90],
		[2, "X1", "T", -455.34, 127.47, 90],
		[3, "U1", "T", -499.12, 387.19, 90],
		[4, "0x90", "T", -677.92, 218.92, 90],
		[5, "0x92", "T", -625.22, 218.92, 90],
		[6, "AUDIO2", "T", -630, -1360, 0],
		[7, "AUDIO1", "T", -160, -1170, 270],
		[8, "U2", "T", 640.4, 693.78, 90],
		[9, "U3", "T", 641.34, 121.86, 90],
		[10, "R19", "T", 815.89, 421.67, 0],
		[11, "C22", "T", 103.86, 561.22, 0],
		[12, "C14", "T", 104.39, 836.71, 0],
		[13, "R14", "T", 132.37, 753.29, 90],
		[14, "R15", "T", 132.22, 645, 90],
		[15, "R12", "T", 214.85, 837.26, 0],
		[16, "R13", "T", 324.41, 837.1, 0],
		[17, "R16", "T", 214.54, 559.67, 0],
		[18, "R17", "T", 323.52, 559.27, 0],
		[19, "C15", "T", 245.63, 756.53, 90],
		[20, "C19", "T", 244.67, 646.29, 90],
		[21, "C16", "T", 354.39, 754.78, 90],
		[22, "C20", "T", 353.14, 642.81, 90],
		[23, "C31", "T", 102.72, 264.51, 0],
		[24, "C23", "T", 99.99, -10.98, 0],
		[25, "R23", "T", 129.13, 71.62, 270],
		[26, "R27", "T", 129.34, 182.85, 270],
		[27, "R21", "T", 209.77, -10.4, 0],
		[28, "R22", "T", 319.09, -10.41, 0],
		[29, "R29", "T", 213.12, 265.25, 0],
		[30, "R30", "T", 322.27, 265.1, 0],
		[31, "C24", "T", 241.11, 73.42, 270],
		[32, "C28", "T", 242.22, 184.02, 270],
		[33, "C25", "T", 349.79, 74.06, 270],
		[34, "C29", "T", 350.9, 182.97, 270],
		[35, "U4", "T", -445.4, -394.57, 90],
		[36, "R25", "T", -105.48, -417.78, 180],
		[37, "R28", "T", -785.54, -416.35, 0],
		[38, "R18", "T", -704.66, -468.74, 270],
		[39, "R24", "T", -185.97, -360.45, 270],
		[40, "R26", "T", -704.69, -358.99, 270],
		[41, "R20", "T", -186.06, -469.19, 270],
		[42, "U5", "T", 429.22, -394.87, 90],
		[43, "R34", "T", 772.02, -420.11, 180],
		[44, "R36", "T", 86.67, -419.2, 0],
		[45, "R31", "T", 167.36, -470.9, 270],
		[46, "R33", "T", 691.37, -361.77, 270],
		[47, "R35", "T", 167.51, -361.53, 270],
		[48, "R32", "T", 691.34, -470.9, 270],
		[49, "C32", "B", -331.54, -708.91, 90],
		[50, "C33", "B", -625.48, -710.37, 90],
		[51, "C34", "B", 546.92, -711.19, 90],
		[52, "C35", "B", 252.36, -711.99, 90],
		[53, "LDO1", "T", -537.86, 785.18, 90],
		[54, "LDO2", "T", -790.89, 785.37, 90],
		[55, "R41", "T", -358.66, 967.89, 270],
		[56, "C47", "T", -275.94, 938.51, 180],
		[57, "C51", "T", -276.06, 994.49, 180],
		[58, "U6", "T", -75.91, 693.46, 0],
		[59, "U7", "T", -70.58, 120.28, 180],
		[60, "U8", "T", -336.13, 743.5, 180],
		[61, "FPC1", "T", -320, 1390, 0],
		[62, "J1", "T", 620, 1400, 180],
		[63, "LDO3", "T", -663.47, 785.3, 90],
		[64, "C42", "T", -661.03, 907.58, 0],
		[65, "C43", "T", -663.01, 666.19, 0],
		[66, "C44", "T", -663.05, 609.73, 0],
		[67, "C12", "T", -455.02, 11.03, 0],
		[68, "C6", "T", -697.19, 554.03, 180],
		[69, "C7", "T", -652.07, 133.73, 0],
		[70, "R9", "T", -562.62, 42.01, 90],
		[71, "R4", "T", -128.16, 504.69, 180],
		[72, "R6", "T", -76.09, 883.35, 180],
		[73, "R1", "T", -152.19, 1052.2, 270],
		[74, "R2", "T", -100.56, 1052.32, 90],
		[75, "C1", "T", -45.76, 1053.12, 90],
		[76, "C2", "T", 10.39, 1053.01, 90],
		[77, "R8", "T", -19.44, 314.56, 0],
		[78, "R11", "T", -71.3, -68.77, 0],
		[79, "C4", "B", -151.82, 826.28, 90],
		[80, "C5", "B", -1.27, 559.86, 270],
		[81, "C3", "T", -183.78, 449.59, 180],
		[82, "C8", "T", -133.81, 938.83, 180],
		[83, "C9", "T", 34.22, 368.6, 0],
		[84, "C13", "T", -11.14, -121.49, 0],
		[85, "R3", "T", -72.47, 449.01, 180],
		[86, "R5", "T", -23.74, 938.02, 180],
		[87, "R7", "T", -76.28, 367.02, 0],
		[88, "R10", "T", -122.69, -121.72, 0],
		[89, "C10", "B", 5.43, -13.32, 270],
		[90, "C11", "B", -148.71, 253.96, 90],
		[91, "C17", "B", 509.64, 662.73, 0],
		[92, "C21", "B", 509.44, 716.51, 180],
		[93, "C18", "B", 785.21, 692.71, 90],
		[94, "C27", "B", 799, 120.1, 90],
		[95, "C26", "B", 509.22, 90.75, 0],
		[96, "C30", "B", 508.6, 145.67, 180],
		[97, "C36", "T", -535.3, 905.62, 0],
		[98, "C37", "T", -538.08, 665.53, 0],
		[99, "C38", "T", -538.08, 608.24, 0],
		[100, "C39", "T", -790.89, 905.37, 0],
		[101, "C40", "T", -787.91, 666.98, 0],
		[102, "C41", "T", -787.79, 609.57, 0],
		[103, "C45", "B", -261.49, 608.15, 270],
		[104, "C48", "B", -325.7, 774.72, 0],
		[105, "C46", "T", -411.06, 553.25, 0],
		[106, "C52", "T", -346.68, 248.84, 0],
		[107, "C50", "T", 691.7, -935.49, 180],
		[108, "C49", "T", -694.32, -934.04, 180],
		[109, "R37", "T", 137.51, -569.63, 180],
		[110, "R38", "T", 719.25, -570.9, 0],
		[111, "R39", "T", -733.36, -570.11, 180],
		[112, "R40", "T", -156.26, -569.53, 0],
		[113, "R42", "T", -105.34, -469.73, 0],
		[114, "R43", "T", -785.34, -468.71, 0],
		[115, "R44", "T", 771.6, -471.85, 0],
		[116, "R45", "T", 86.73, -471.3, 0],
		[117, "C53", "B", -560.32, -709.81, 90],
		[118, "C54", "B", -268.76, -708.95, 90],
		[119, "C55", "B", 612.22, -710.13, 90],
		[120, "C56", "B", 316.43, -711.47, 90],
		[121, "C57", "B", -705.5, -825.97, 180],
		[122, "C58", "B", 695.48, -842.66, 0]
	]
},
"pins": {
	"fields": ["PIN_NO", "PIN_NAME", "PIN_X", "PIN_Y", "LAYER", "PIN_TYPE", "NET_NAME", "NET_TYPE", "PAD_SHAPE", "PAD_SIZEX", "PAD_SIZEY", "HOLE_SIZE"],
	"rows": [
		[1, "FB1_2", -345.31, 162, "T", "SMD", "AGND", "", "R", 31.75, 34.02, 0],
		[2, "FB1_1", -345.31, 102.68, "T", "SMD", "GND", "GND", "R", 31.75, 34.02, 0],
		[3, "X1_1", -417.94, 86.14, "T", "SMD", "$2N47874", "", "R", 39.37, 35.43, 0],
		[4, "X1_2", -417.94, 168.81, "T", "SMD", "GND", "GND", "R", 39.37, 35.43, 0],
		[5, "X1_3", -492.74, 168.81, "T", "SMD", "MCLK", "", "R", 39.37, 35.43, 0],
		[6, "X1_4", -492.74, 86.14, "T", "SMD", "$2N47874", "", "R", 39.37, 35.43, 0],
		[7, "U1_33", -499.12, 387.19, "T", "SMD", "AGND", "", "R", 122, 122, 0],
		[8, "U1_3", -528.62, 284.79, "T", "SMD", "VCCA", "", "R", 39.4, 9.8, 0],
		[9, "U1_20", -489.32, 489.59, "T", "SMD", "VCCA", "", "R", 39.4, 9.8, 0],
		[10, "U1_32", -601.52, 318.29, "T", "SMD", "SDA", "", "R", 39.4, 9.8, 0],
		[11, "U1_31", -601.52, 337.99, "T", "SMD", "SCL", "", "R", 39.4, 9.8, 0],
		[12, "U1_29", -601.52, 377.39, "T", "SMD", "DAC_RST", "", "R", 39.4, 9.8, 0],
		[13, "U1_18", -449.92, 489.59, "T", "SMD", "AVCCL", "", "R", 39.4, 9.8, 0],
		[14, "U1_21", -508.92, 489.59, "T", "SMD", "VDD33", "", "R", 39.4, 9.8, 0],
		[15, "U1_8", -430.22, 284.79, "T", "SMD", "AVCCR", "", "R", 39.4, 9.8, 0],
		[16, "U1_23", -548.32, 489.59, "T", "SMD", "DVDD", "", "R", 39.4, 9.8, 0],
		[17, "U1_5", -489.32, 284.79, "T", "SMD", "MCLK", "", "R", 39.4, 9.8, 0],
		[18, "U1_27", -601.52, 416.69, "T", "SMD", "DAC_LRCK/DSD_DATA_L", "", "R", 39.4, 9.8, 0],
		[19, "U1_9", -396.72, 318.29, "T", "SMD", "DACRB", "", "R", 39.4, 9.8, 0],
		[20, "U1_10", -396.72, 337.99, "T", "SMD", "DACR", "", "R", 39.4, 9.8, 0],
		[21, "U1_16", -396.72, 456.09, "T", "SMD", "DACLB", "", "R", 39.4, 9.8, 0],
		[22, "U1_15", -396.72, 436.39, "T", "SMD", "DACL", "", "R", 39.4, 9.8, 0],
		[23, "U1_6", -469.62, 284.79, "T", "SMD", "AGND", "", "R", 39.4, 9.8, 0],
		[24, "U1_30", -601.52, 357.69, "T", "SMD", "GND", "GND", "R", 39.4, 9.8, 0],
		[25, "U1_22", -528.62, 489.59, "T", "SMD", "GND", "GND", "R", 39.4, 9.8, 0],
		[26, "U1_2", -548.32, 284.79, "T", "SMD", "GND", "GND", "R", 39.4, 9.8, 0],
		[27, "U1_1", -568.02, 284.79, "T", "SMD", "$2N102721", "", "R", 39.4, 9.8, 0],
		[28, "U1_26", -601.52, 436.39, "T", "SMD", "DAC_DATA/DSD_DATA_R", "", "R", 39.4, 9.8, 0],
		[29, "U1_28", -601.52, 396.99, "T", "SMD", "DAC_SCLK/DSD_SCLK", "", "R", 39.4, 9.8, 0],
		[30, "U1_7", -449.92, 284.79, "T", "SMD", "AGND", "", "R", 39.4, 9.8, 0],
		[31, "U1_19", -469.62, 489.59, "T", "SMD", "AGND", "", "R", 39.4, 9.8, 0],
		[32, "U1_25", -601.52, 456.09, "T", "SMD", "SPDIF_IN", "", "R", 39.4, 9.8, 0],
		[33, "0x90_2", -677.92, 248.58, "T", "SMD", "$2N102721", "", "R", 31.75, 34.02, 0],
		[34, "0x90_1", -677.92, 189.26, "T", "SMD", "GND", "GND", "R", 31.75, 34.02, 0],
		[35, "0x92_2", -625.22, 248.58, "T", "SMD", "$2N102721", "", "R", 31.75, 34.02, 0],
		[36, "0x92_1", -625.22, 189.26, "T", "SMD", "VDD33", "", "R", 31.75, 34.02, 0],
		[37, "AUDIO2_3", -517.79, -1228.11, "T", "DIP", "SIGN-L", "", "O", 78.74, 51.18, 59.05],
		[38, "AUDIO2_3", -517.79, -1228.11, "B", "DIP", "SIGN-L", "", "O", 78.74, 51.18, 59.05],
		[39, "AUDIO2_3", -742.21, -1228.11, "T", "DIP", "SIGN-L", "", "O", 78.74, 51.18, 59.05],
		[40, "AUDIO2_3", -742.21, -1228.11, "B", "DIP", "SIGN-L", "", "O", 78.74, 51.18, 59.05],
		[41, "AUDIO2_2", -742.21, -1365.91, "T", "DIP", "SIGN-R", "", "O", 78.74, 51.18, 59.05],
		[42, "AUDIO2_2", -742.21, -1365.91, "B", "DIP", "SIGN-R", "", "O", 78.74, 51.18, 59.05],
		[43, "AUDIO2_1", -517.79, -1491.89, "T", "DIP", "AGND", "", "O", 78.74, 51.18, 59.05],
		[44, "AUDIO2_1", -517.79, -1491.89, "B", "DIP", "AGND", "", "O", 78.74, 51.18, 59.05],
		[45, "AUDIO2_1", -742.21, -1491.89, "T", "DIP", "AGND", "", "O", 78.74, 51.18, 59.05],
		[46, "AUDIO2_1", -742.21, -1491.89, "B", "DIP", "AGND", "", "O", 78.74, 51.18, 59.05],
		[47, "AUDIO1_1", -26.14, -1463.33, "T", "DIP", "AGND", "", "O", 84.65, 53.15, 51.18],
		[48, "AUDIO1_1", -26.14, -1463.33, "B", "DIP", "AGND", "", "O", 84.65, 53.15, 51.18],
		[49, "AUDIO1_2", -26.14, -1357.02, "T", "DIP", "$3N32150", "", "O", 84.65, 53.15, 51.18],
		[50, "AUDIO1_2", -26.14, -1357.02, "B", "DIP", "$3N32150", "", "O", 84.65, 53.15, 51.18],
		[51, "AUDIO1_3", -26.15, -1250.74, "T", "DIP", "SIGN-R", "", "O", 84.65, 53.15, 51.18],
		[52, "AUDIO1_3", -26.15, -1250.74, "B", "DIP", "SIGN-R", "", "O", 84.65, 53.15, 51.18],
		[53, "AUDIO1_4", -26.15, -1144.43, "T", "DIP", "$3N32238", "", "O", 84.65, 53.15, 51.18],
		[54, "AUDIO1_4", -26.15, -1144.43, "B", "DIP", "$3N32238", "", "O", 84.65, 53.15, 51.18],
		[55, "AUDIO1_7", -67.49, -837.35, "T", "DIP", "SIGN-L", "", "O", 84.65, 53.15, 51.18],
		[56, "AUDIO1_7", -67.49, -837.35, "B", "DIP", "SIGN-L", "", "O", 84.65, 53.15, 51.18],
		[57, "AUDIO1_4", -297.8, -1144.4, "T", "DIP", "$3N32238", "", "O", 84.65, 53.15, 51.18],
		[58, "AUDIO1_4", -297.8, -1144.4, "B", "DIP", "$3N32238", "", "O", 84.65, 53.15, 51.18],
		[59, "AUDIO1_3", -297.79, -1250.7, "T", "DIP", "SIGN-R", "", "O", 84.65, 53.15, 51.18],
		[60, "AUDIO1_3", -297.79, -1250.7, "B", "DIP", "SIGN-R", "", "O", 84.65, 53.15, 51.18],
		[61, "AUDIO1_2", -297.79, -1356.99, "T", "DIP", "$3N32150", "", "O", 84.65, 53.15, 51.18],
		[62, "AUDIO1_2", -297.79, -1356.99, "B", "DIP", "$3N32150", "", "O", 84.65, 53.15, 51.18],
		[63, "AUDIO1_1", -297.8, -1463.31, "T", "DIP", "AGND", "", "O", 84.65, 53.15, 51.18],
		[64, "AUDIO1_1", -297.8, -1463.31, "B", "DIP", "AGND", "", "O", 84.65, 53.15, 51.18],
		[65, "AUDIO1_7", -256.47, -837.35, "T", "DIP", "SIGN-L", "", "O", 84.65, 53.15, 51.18],
		[66, "AUDIO1_7", -256.47, -837.35, "B", "DIP", "SIGN-L", "", "O", 84.65, 53.15, 51.18],
		[67, "U2_1", 827.42, 518.78, "T", "SMD", "VOL-ZCEN", "", "O", 22.6, 94.51, 0],
		[68, "U2_2", 827.42, 568.78, "T", "SMD", "VOL-CS", "", "O", 22.6, 94.51, 0],
		[69, "U2_3", 827.42, 618.78, "T", "SMD", "VOL-SDI", "", "O", 22.6, 94.51, 0],
		[70, "U2_4", 827.42, 668.78, "T", "SMD", "5V", "", "O", 22.6, 94.51, 0],
		[71, "U2_5", 827.42, 718.78, "T", "SMD", "AGND", "", "O", 22.6, 94.51, 0],
		[72, "U2_6", 827.42, 768.78, "T", "SMD", "VOL-SCLK", "", "O", 22.6, 94.51, 0],
		[73, "U2_7", 827.42, 818.78, "T", "SMD", "PGA_SDO", "", "O", 22.6, 94.51, 0],
		[74, "U2_8", 827.42, 868.78, "T", "SMD", "VOL-MUTE", "", "O", 22.6, 94.51, 0],
		[75, "U2_16", 453.38, 518.78, "T", "SMD", "VOL-LN", "", "O", 22.6, 94.51, 0],
		[76, "U2_15", 453.38, 568.78, "T", "SMD", "AGND", "", "O", 22.6, 94.51, 0],
		[77, "U2_14", 453.38, 618.78, "T", "SMD", "VOLADJ-LN", "", "O", 22.6, 94.51, 0],
		[78, "U2_13", 453.38, 668.78, "T", "SMD", "-12V", "", "O", 22.6, 94.51, 0],
		[79, "U2_12", 453.38, 718.78, "T", "SMD", "+12V", "", "O", 22.6, 94.51, 0],
		[80, "U2_11", 453.38, 768.78, "T", "SMD", "VOLADJ-LP", "", "O", 22.6, 94.51, 0],
		[81, "U2_10", 453.38, 818.78, "T", "SMD", "AGND", "", "O", 22.6, 94.51, 0],
		[82, "U2_9", 453.38, 868.78, "T", "SMD", "VOL-LP", "", "O", 22.6, 94.51, 0],
		[83, "U3_1", 828.36, -53.14, "T", "SMD", "VOL-ZCEN", "", "O", 22.6, 94.51, 0],
		[84, "U3_2", 828.36, -3.14, "T", "SMD", "VOL-CS", "", "O", 22.6, 94.51, 0],
		[85, "U3_3", 828.36, 46.86, "T", "SMD", "PGA_SDO", "", "O", 22.6, 94.51, 0],
		[86, "U3_4", 828.36, 96.86, "T", "SMD", "5V", "", "O", 22.6, 94.51, 0],
		[87, "U3_5", 828.36, 146.86, "T", "SMD", "AGND", "", "O", 22.6, 94.51, 0],
		[88, "U3_6", 828.36, 196.86, "T", "SMD", "VOL-SCLK", "", "O", 22.6, 94.51, 0],
		[89, "U3_8", 828.36, 296.86, "T", "SMD", "VOL-MUTE", "", "O", 22.6, 94.51, 0],
		[90, "U3_16", 454.32, -53.14, "T", "SMD", "VOL-RP", "", "O", 22.6, 94.51, 0],
		[91, "U3_15", 454.32, -3.14, "T", "SMD", "AGND", "", "O", 22.6, 94.51, 0],
		[92, "U3_14", 454.32, 46.86, "T", "SMD", "VOLADJ-RP", "", "O", 22.6, 94.51, 0],
		[93, "U3_13", 454.32, 96.86, "T", "SMD", "-12V", "", "O", 22.6, 94.51, 0],
		[94, "U3_12", 454.32, 146.86, "T", "SMD", "+12V", "", "O", 22.6, 94.51, 0],
		[95, "U3_11", 454.32, 196.86, "T", "SMD", "VOLADJ-RN", "", "O", 22.6, 94.51, 0],
		[96, "U3_10", 454.32, 246.86, "T", "SMD", "AGND", "", "O", 22.6, 94.51, 0],
		[97, "U3_9", 454.32, 296.86, "T", "SMD", "VOL-RN", "", "O", 22.6, 94.51, 0],
		[98, "R19_2", 845.55, 421.67, "T", "SMD", "PGA_SDO", "", "R", 31.75, 34.02, 0],
		[99, "R19_1", 786.23, 421.67, "T", "SMD", "AGND", "", "R", 31.75, 34.02, 0],
		[100, "C22_2", 131.42, 561.22, "T", "SMD", "$3N29714", "", "R", 31.5, 35.43, 0],
		[101, "C22_1", 76.3, 561.22, "T", "SMD", "DACO-LN", "", "R", 31.5, 35.43, 0],
		[102, "C14_2", 131.95, 836.71, "T", "SMD", "$3N29688", "", "R", 31.5, 35.43, 0],
		[103, "C14_1", 76.83, 836.71, "T", "SMD", "DACO-LP", "", "R", 31.5, 35.43, 0],
		[104, "R14_2", 132.37, 782.95, "T", "SMD", "$3N29688", "", "R", 31.75, 34.02, 0],
		[105, "R14_1", 132.37, 723.63, "T", "SMD", "AGND", "", "R", 31.75, 34.02, 0],
		[106, "R15_2", 132.22, 674.66, "T", "SMD", "AGND", "", "R", 31.75, 34.02, 0],
		[107, "R15_1", 132.22, 615.34, "T", "SMD", "$3N29714", "", "R", 31.75, 34.02, 0],
		[108, "R12_2", 244.51, 837.26, "T", "SMD", "$3N29818", "", "R", 31.75, 34.02, 0],
		[109, "R12_1", 185.19, 837.26, "T", "SMD", "$3N29688", "", "R", 31.75, 34.02, 0],
		[110, "R13_2", 354.07, 837.1, "T", "SMD", "VOL-LP", "", "R", 31.75, 34.02, 0],
		[111, "R13_1", 294.75, 837.1, "T", "SMD", "$3N29818", "", "R", 31.75, 34.02, 0],
		[112, "R16_2", 244.2, 559.67, "T", "SMD", "$3N29868", "", "R", 31.75, 34.02, 0],
		[113, "R16_1", 184.88, 559.67, "T", "SMD", "$3N29714", "", "R", 31.75, 34.02, 0],
		[114, "R17_2", 353.18, 559.27, "T", "SMD", "VOL-LN", "", "R", 31.75, 34.02, 0],
		[115, "R17_1", 293.86, 559.27, "T", "SMD", "$3N29868", "", "R", 31.75, 34.02, 0],
		[116, "C15_2", 245.63, 784.09, "T", "SMD", "$3N29818", "", "R", 31.5, 35.43, 0],
		[117, "C15_1", 245.63, 728.97, "T", "SMD", "AGND", "", "R", 31.5, 35.43, 0],
		[118, "C19_2", 244.67, 673.85, "T", "SMD", "AGND", "", "R", 31.5, 35.43, 0],
		[119, "C19_1", 244.67, 618.73, "T", "SMD", "$3N29868", "", "R", 31.5, 35.43, 0],
		[120, "C16_2", 354.39, 782.34, "T", "SMD", "VOL-LP", "", "R", 31.5, 35.43, 0],
		[121, "C16_1", 354.39, 727.22, "T", "SMD", "AGND", "", "R", 31.5, 35.43, 0],
		[122, "C20_2", 353.14, 670.37, "T", "SMD", "AGND", "", "R", 31.5, 35.43, 0],
		[123, "C20_1", 353.14, 615.25, "T", "SMD", "VOL-LN", "", "R", 31.5, 35.43, 0],
		[124, "C31_2", 130.28, 264.51, "T", "SMD", "$3N30590", "", "R", 31.5, 35.43, 0],
		[125, "C31_1", 75.16, 264.51, "T", "SMD", "DACO-RN", "", "R", 31.5, 35.43, 0],
		[126, "C23_2", 127.55, -10.98, "T", "SMD", "$3N30588", "", "R", 31.5, 35.43, 0],
		[127, "C23_1", 72.43, -10.98, "T", "SMD", "DACO-RP", "", "R", 31.5, 35.43, 0],
		[128, "R23_2", 129.13, 41.96, "T", "SMD", "$3N30588", "", "R", 31.75, 34.02, 0],
		[129, "R23_1", 129.13, 101.28, "T", "SMD", "AGND", "", "R", 31.75, 34.02, 0],
		[130, "R27_2", 129.34, 153.19, "T", "SMD", "AGND", "", "R", 31.75, 34.02, 0],
		[131, "R27_1", 129.34, 212.51, "T", "SMD", "$3N30590", "", "R", 31.75, 34.02, 0],
		[132, "R21_2", 239.43, -10.4, "T", "SMD", "$3N30592", "", "R", 31.75, 34.02, 0],
		[133, "R21_1", 180.11, -10.4, "T", "SMD", "$3N30588", "", "R", 31.75, 34.02, 0],
		[134, "R22_2", 348.75, -10.41, "T", "SMD", "VOL-RP", "", "R", 31.75, 34.02, 0],
		[135, "R22_1", 289.43, -10.41, "T", "SMD", "$3N30592", "", "R", 31.75, 34.02, 0],
		[136, "R29_2", 242.78, 265.25, "T", "SMD", "$3N30594", "", "R", 31.75, 34.02, 0],
		[137, "R29_1", 183.46, 265.25, "T", "SMD", "$3N30590", "", "R", 31.75, 34.02, 0],
		[138, "R30_2", 351.93, 265.1, "T", "SMD", "VOL-RN", "", "R", 31.75, 34.02, 0],
		[139, "R30_1", 292.61, 265.1, "T", "SMD", "$3N30594", "", "R", 31.75, 34.02, 0],
		[140, "C24_2", 241.11, 45.86, "T", "SMD", "$3N30592", "", "R", 31.5, 35.43, 0],
		[141, "C24_1", 241.11, 100.98, "T", "SMD", "AGND", "", "R", 31.5, 35.43, 0],
		[142, "C28_2", 242.22, 156.46, "T", "SMD", "AGND", "", "R", 31.5, 35.43, 0],
		[143, "C28_1", 242.22, 211.58, "T", "SMD", "$3N30594", "", "R", 31.5, 35.43, 0],
		[144, "C25_2", 349.79, 46.5, "T", "SMD", "VOL-RP", "", "R", 31.5, 35.43, 0],
		[145, "C25_1", 349.79, 101.62, "T", "SMD", "AGND", "", "R", 31.5, 35.43, 0],
		[146, "C29_2", 350.9, 155.41, "T", "SMD", "AGND", "", "R", 31.5, 35.43, 0],
		[147, "C29_1", 350.9, 210.53, "T", "SMD", "VOL-RN", "", "R", 31.5, 35.43, 0],
		[148, "U4_21", -445.4, -394.57, "T", "SMD", "AGND", "", "R", 150, 109.84, 0],
		[149, "U4_20", -630.44, -619.57, "T", "SMD", "-12V", "", "R", 23.62, 78.74, 0],
		[150, "U4_19", -630.44, -569.57, "T", "SMD", "BAL-L-COLD", "", "R", 23.62, 78.74, 0],
		[151, "U4_18", -630.44, -519.57, "T", "SMD", "+12V", "", "R", 23.62, 78.74, 0],
		[152, "U4_17", -630.44, -469.57, "T", "SMD", "$3N31183", "", "R", 23.62, 78.74, 0],
		[153, "U4_16", -630.44, -419.57, "T", "SMD", "$3N31382", "", "R", 23.62, 78.74, 0],
		[154, "U4_15", -630.44, -369.57, "T", "SMD", "AGND", "", "R", 23.62, 78.74, 0],
		[155, "U4_14", -630.44, -319.57, "T", "SMD", "AGND", "", "R", 23.62, 78.74, 0],
		[156, "U4_13", -630.44, -269.57, "T", "SMD", "AGND", "", "R", 23.62, 78.74, 0],
		[157, "U4_12", -630.44, -219.57, "T", "SMD", "AGND", "", "R", 23.62, 78.74, 0],
		[158, "U4_11", -630.44, -169.57, "T", "SMD", "AGND", "", "R", 23.62, 78.74, 0],
		[159, "U4_10", -260.36, -169.59, "T", "SMD", "AGND", "", "R", 23.62, 78.74, 0],
		[160, "U4_9", -260.36, -219.59, "T", "SMD", "AGND", "", "R", 23.62, 78.74, 0],
		[161, "U4_8", -260.36, -269.57, "T", "SMD", "AGND", "", "R", 23.62, 78.74, 0],
		[162, "U4_7", -260.36, -319.57, "T", "SMD", "AGND", "", "R", 23.62, 78.74, 0],
		[163, "U4_6", -260.36, -369.57, "T", "SMD", "AGND", "", "R", 23.62, 78.74, 0],
		[164, "U4_5", -260.36, -419.57, "T", "SMD", "$3N31377", "", "R", 23.62, 78.74, 0],
		[165, "U4_4", -260.36, -469.57, "T", "SMD", "$3N31157", "", "R", 23.62, 78.74, 0],
		[166, "U4_3", -260.36, -519.57, "T", "SMD", "+12V", "", "R", 23.62, 78.74, 0],
		[167, "U4_2", -260.36, -569.57, "T", "SMD", "BAL-L-HOT", "", "R", 23.62, 78.74, 0],
		[168, "U4_1", -260.36, -619.57, "T", "SMD", "-12V", "", "R", 23.62, 78.74, 0],
		[169, "R25_2", -135.14, -417.78, "T", "SMD", "$3N31157", "", "R", 31.75, 34.02, 0],
		[170, "R25_1", -75.82, -417.78, "T", "SMD", "VOLADJ-LP", "", "R", 31.75, 34.02, 0],
		[171, "R28_2", -755.88, -416.35, "T", "SMD", "$3N31183", "", "R", 31.75, 34.02, 0],
		[172, "R28_1", -815.2, -416.35, "T", "SMD", "VOLADJ-LN", "", "R", 31.75, 34.02, 0],
		[173, "R18_2", -704.66, -498.4, "T", "SMD", "BAL-L-COLD", "", "R", 31.75, 34.02, 0],
		[174, "R18_1", -704.66, -439.08, "T", "SMD", "$3N31382", "", "R", 31.75, 34.02, 0],
		[175, "R24_2", -185.97, -390.11, "T", "SMD", "$3N31377", "", "R", 31.75, 34.02, 0],
		[176, "R24_1", -185.97, -330.79, "T", "SMD", "AGND", "", "R", 31.75, 34.02, 0],
		[177, "R26_2", -704.69, -388.65, "T", "SMD", "$3N31382", "", "R", 31.75, 34.02, 0],
		[178, "R26_1", -704.69, -329.33, "T", "SMD", "AGND", "", "R", 31.75, 34.02, 0],
		[179, "R20_2", -186.06, -498.85, "T", "SMD", "BAL-L-HOT", "", "R", 31.75, 34.02, 0],
		[180, "R20_1", -186.06, -439.53, "T", "SMD", "$3N31377", "", "R", 31.75, 34.02, 0],
		[181, "U5_21", 429.22, -394.87, "T", "SMD", "AGND", "", "R", 150, 109.84, 0],
		[182, "U5_20", 244.19, -619.87, "T", "SMD", "-12V", "", "R", 23.62, 78.74, 0],
		[183, "U5_19", 244.19, -569.87, "T", "SMD", "BAL-R-COLD", "", "R", 23.62, 78.74, 0],
		[184, "U5_18", 244.19, -519.87, "T", "SMD", "+12V", "", "R", 23.62, 78.74, 0],
		[185, "U5_17", 244.19, -469.87, "T", "SMD", "$3N31755", "", "R", 23.62, 78.74, 0],
		[186, "U5_16", 244.19, -419.87, "T", "SMD", "$3N31765", "", "R", 23.62, 78.74, 0],
		[187, "U5_15", 244.19, -369.87, "T", "SMD", "AGND", "", "R", 23.62, 78.74, 0],
		[188, "U5_14", 244.19, -319.87, "T", "SMD", "AGND", "", "R", 23.62, 78.74, 0],
		[189, "U5_13", 244.19, -269.87, "T", "SMD", "AGND", "", "R", 23.62, 78.74, 0],
		[190, "U5_12", 244.19, -219.87, "T", "SMD", "AGND", "", "R", 23.62, 78.74, 0],
		[191, "U5_11", 244.19, -169.87, "T", "SMD", "AGND", "", "R", 23.62, 78.74, 0],
		[192, "U5_10", 614.26, -169.89, "T", "SMD", "AGND", "", "R", 23.62, 78.74, 0],
		[193, "U5_9", 614.26, -219.89, "T", "SMD", "AGND", "", "R", 23.62, 78.74, 0],
		[194, "U5_8", 614.26, -269.87, "T", "SMD", "AGND", "", "R", 23.62, 78.74, 0],
		[195, "U5_7", 614.26, -319.87, "T", "SMD", "AGND", "", "R", 23.62, 78.74, 0],
		[196, "U5_6", 614.26, -369.87, "T", "SMD", "AGND", "", "R", 23.62, 78.74, 0],
		[197, "U5_5", 614.26, -419.87, "T", "SMD", "$3N31761", "", "R", 23.62, 78.74, 0],
		[198, "U5_4", 614.26, -469.87, "T", "SMD", "$3N31753", "", "R", 23.62, 78.74, 0],
		[199, "U5_3", 614.26, -519.87, "T", "SMD", "+12V", "", "R", 23.62, 78.74, 0],
		[200, "U5_2", 614.26, -569.87, "T", "SMD", "BAL-R-HOT", "", "R", 23.62, 78.74, 0],
		[201, "U5_1", 614.26, -619.87, "T", "SMD", "-12V", "", "R", 23.62, 78.74, 0],
		[202, "R34_2", 742.36, -420.11, "T", "SMD", "$3N31753", "", "R", 31.75, 34.02, 0],
		[203, "R34_1", 801.68, -420.11, "T", "SMD", "VOLADJ-RP", "", "R", 31.75, 34.02, 0],
		[204, "R36_2", 116.33, -419.2, "T", "SMD", "$3N31755", "", "R", 31.75, 34.02, 0],
		[205, "R36_1", 57.01, -419.2, "T", "SMD", "VOLADJ-RN", "", "R", 31.75, 34.02, 0],
		[206, "R31_2", 167.36, -500.56, "T", "SMD", "BAL-R-COLD", "", "R", 31.75, 34.02, 0],
		[207, "R31_1", 167.36, -441.24, "T", "SMD", "$3N31765", "", "R", 31.75, 34.02, 0],
		[208, "R33_2", 691.37, -391.43, "T", "SMD", "$3N31761", "", "R", 31.75, 34.02, 0],
		[209, "R33_1", 691.37, -332.11, "T", "SMD", "AGND", "", "R", 31.75, 34.02, 0],
		[210, "R35_2", 167.51, -391.19, "T", "SMD", "$3N31765", "", "R", 31.75, 34.02, 0],
		[211, "R35_1", 167.51, -331.87, "T", "SMD", "AGND", "", "R", 31.75, 34.02, 0],
		[212, "R32_2", 691.34, -500.56, "T", "SMD", "BAL-R-HOT", "", "R", 31.75, 34.02, 0],
		[213, "R32_1", 691.34, -441.24, "T", "SMD", "$3N31761", "", "R", 31.75, 34.02, 0],
		[214, "C32_2", -331.54, -681.35, "B", "SMD", "+12V", "", "R", 31.5, 35.43, 0],
		[215, "C32_1", -331.54, -736.47, "B", "SMD", "AGND", "", "R", 31.5, 35.43, 0],
		[216, "C33_2", -625.48, -682.81, "B", "SMD", "-12V", "", "R", 31.5, 35.43, 0],
		[217, "C33_1", -625.48, -737.93, "B", "SMD", "AGND", "", "R", 31.5, 35.43, 0],
		[218, "C34_2", 546.92, -683.63, "B", "SMD", "+12V", "", "R", 31.5, 35.43, 0],
		[219, "C34_1", 546.92, -738.75, "B", "SMD", "AGND", "", "R", 31.5, 35.43, 0],
		[220, "C35_2", 252.36, -684.43, "B", "SMD", "-12V", "", "R", 31.5, 35.43, 0],
		[221, "C35_1", 252.36, -739.55, "B", "SMD", "AGND", "", "R", 31.5, 35.43, 0],
		[222, "LDO1_5", -500.46, 733.99, "T", "SMD", "VCCA", "", "R", 39.37, 23.62, 0],
		[223, "LDO1_4", -575.26, 733.99, "T", "SMD", "AGND", "", "R", 39.37, 23.62, 0],
		[224, "LDO1_3", -575.26, 836.36, "T", "SMD", "5V", "", "R", 39.37, 23.62, 0],
		[225, "LDO1_2", -537.86, 836.36, "T", "SMD", "AGND", "", "R", 39.37, 23.62, 0],
		[226, "LDO1_1", -500.46, 836.36, "T", "SMD", "5V", "", "R", 39.37, 23.62, 0],
		[227, "LDO2_5", -753.49, 734.19, "T", "SMD", "DVDD", "", "R", 39.37, 23.62, 0],
		[228, "LDO2_4", -828.29, 734.19, "T", "SMD", "AGND", "", "R", 39.37, 23.62, 0],
		[229, "LDO2_3", -828.29, 836.56, "T", "SMD", "5V", "", "R", 39.37, 23.62, 0],
		[230, "LDO2_2", -790.89, 836.56, "T", "SMD", "AGND", "", "R", 39.37, 23.62, 0],
		[231, "LDO2_1", -753.49, 836.56, "T", "SMD", "5V", "", "R", 39.37, 23.62, 0],
		[232, "R41_2", -358.66, 938.23, "T", "SMD", "$4N1442", "", "R", 31.75, 34.02, 0],
		[233, "R41_1", -358.66, 997.55, "T", "SMD", "VCCA", "", "R", 31.75, 34.02, 0],
		[234, "C47_2", -303.5, 938.51, "T", "SMD", "$4N1442", "", "R", 31.5, 35.43, 0],
		[235, "C47_1", -248.38, 938.51, "T", "SMD", "AGND", "", "R", 31.5, 35.43, 0],
		[236, "C51_2", -303.62, 994.49, "T", "SMD", "$4N1442", "", "R", 31.5, 35.43, 0],
		[237, "C51_1", -248.5, 994.49, "T", "SMD", "AGND", "", "R", 31.5, 35.43, 0],
		[238, "U6_5", -0.91, 802.61, "T", "SMD", "OFFSET", "", "O", 23.15, 80.51, 0],
		[239, "U6_6", -50.91, 802.61, "T", "SMD", "DACLB", "", "O", 23.15, 80.51, 0],
		[240, "U6_7", -100.91, 802.61, "T", "SMD", "DACO-LP", "", "O", 23.15, 80.51, 0],
		[241, "U6_8", -150.91, 802.61, "T", "SMD", "+12V", "", "O", 23.15, 80.51, 0],
		[242, "U6_4", -0.91, 584.31, "T", "SMD", "-12V", "", "O", 23.15, 80.51, 0],
		[243, "U6_3", -50.91, 584.31, "T", "SMD", "OFFSET", "", "O", 23.15, 80.51, 0],
		[244, "U6_2", -100.91, 584.31, "T", "SMD", "DACL", "", "O", 23.15, 80.51, 0],
		[245, "U6_1", -150.91, 584.31, "T", "SMD", "DACO-LN", "", "O", 23.15, 80.51, 0],
		[246, "U7_5", -145.58, 11.13, "T", "SMD", "OFFSET", "", "O", 23.15, 80.51, 0],
		[247, "U7_6", -95.58, 11.13, "T", "SMD", "DACRB", "", "O", 23.15, 80.51, 0],
		[248, "U7_7", -45.58, 11.13, "T", "SMD", "DACO-RP", "", "O", 23.15, 80.51, 0],
		[249, "U7_8", 4.42, 11.13, "T", "SMD", "+12V", "", "O", 23.15, 80.51, 0],
		[250, "U7_4", -145.58, 229.43, "T", "SMD", "-12V", "", "O", 23.15, 80.51, 0],
		[251, "U7_3", -95.58, 229.43, "T", "SMD", "OFFSET", "", "O", 23.15, 80.51, 0],
		[252, "U7_2", -45.58, 229.43, "T", "SMD", "DACR", "", "O", 23.15, 80.51, 0],
		[253, "U7_1", 4.42, 229.43, "T", "SMD", "DACO-RN", "", "O", 23.15, 80.51, 0],
		[254, "U8_1", -261.13, 852.65, "T", "SMD", "AVCCL", "", "O", 23.15, 80.51, 0],
		[255, "U8_2", -311.13, 852.65, "T", "SMD", "AVCCL", "", "O", 23.15, 80.51, 0],
		[256, "U8_3", -361.13, 852.65, "T", "SMD", "$4N1442", "", "O", 23.15, 80.51, 0],
		[257, "U8_4", -411.13, 852.65, "T", "SMD", "-12V", "", "O", 23.15, 80.51, 0],
		[258, "U8_8", -261.13, 634.35, "T", "SMD", "+12V", "", "O", 23.15, 80.51, 0],
		[259, "U8_7", -311.13, 634.35, "T", "SMD", "AVCCR", "", "O", 23.15, 80.51, 0],
		[260, "U8_6", -361.13, 634.35, "T", "SMD", "AVCCR", "", "O", 23.15, 80.51, 0],
		[261, "U8_5", -411.13, 634.35, "T", "SMD", "$4N1442", "", "O", 23.15, 80.51, 0],
		[262, "FPC1_22", 155.39, 1346.58, "T", "SMD", "AGND", "", "R", 102.36, 82.68, 0],
		[263, "FPC1_21", -795.39, 1346.58, "T", "SMD", "AGND", "", "R", 102.36, 82.68, 0],
		[264, "FPC1_1", -693.44, 1433.42, "T", "SMD", "VOL-CS", "", "R", 23.62, 86.61, 0],
		[265, "FPC1_2", -654.08, 1433.42, "T", "SMD", "VOL-SDI", "", "R", 23.62, 86.61, 0],
		[266, "FPC1_3", -614.67, 1433.42, "T", "SMD", "VOL-SCLK", "", "R", 23.62, 86.61, 0],
		[267, "FPC1_4", -575.34, 1433.42, "T", "SMD", "VOL-MUTE", "", "R", 23.62, 86.61, 0],
		[268, "FPC1_5", -535.97, 1433.42, "T", "SMD", "VOL-ZCEN", "", "R", 23.62, 86.61, 0],
		[269, "FPC1_6", -496.59, 1433.36, "T", "SMD", "DAC_RST", "", "R", 23.62, 86.61, 0],
		[270, "FPC1_7", -457.22, 1433.42, "T", "SMD", "SPDIF_OUT", "", "R", 23.62, 86.61, 0],
		[271, "FPC1_8", -417.88, 1433.42, "T", "SMD", "DAC_SCLK/DSD_SCLK", "", "R", 23.62, 86.61, 0],
		[272, "FPC1_9", -378.53, 1433.38, "T", "SMD", "DAC_DATA/DSD_DATA_R", "", "R", 23.62, 86.61, 0],
		[273, "FPC1_10", -339.16, 1433.38, "T", "SMD", "DAC_LRCK/DSD_DATA_L", "", "R", 23.62, 86.61, 0],
		[274, "FPC1_11", -299.8, 1433.38, "T", "SMD", "SCL", "", "R", 23.62, 86.61, 0],
		[275, "FPC1_12", -260.43, 1433.38, "T", "SMD", "SDA", "", "R", 23.62, 86.61, 0],
		[276, "FPC1_13", -221.06, 1433.38, "T", "SMD", "+12V", "", "R", 23.62, 86.61, 0],
		[277, "FPC1_14", -181.69, 1433.38, "T", "SMD", "+12V", "", "R", 23.62, 86.61, 0],
		[278, "FPC1_15", -142.25, 1433.36, "T", "SMD", "AGND", "", "R", 23.62, 86.61, 0],
		[279, "FPC1_16", -102.91, 1433.38, "T", "SMD", "AGND", "", "R", 23.62, 86.61, 0],
		[280, "FPC1_17", -63.55, 1433.38, "T", "SMD", "-12V", "", "R", 23.62, 86.61, 0],
		[281, "FPC1_18", -24.18, 1433.38, "T", "SMD", "-12V", "", "R", 23.62, 86.61, 0],
		[282, "FPC1_19", 15.17, 1433.38, "T", "SMD", "5V", "", "R", 23.62, 86.61, 0],
		[283, "FPC1_20", 54.54, 1433.38, "T", "SMD", "5V", "", "R", 23.62, 86.61, 0],
		[284, "J1_2", 620, 1234.64, "T", "DIP", "AGND", "", "C", 60, 60, 39.37],
		[285, "J1_2", 620, 1234.64, "B", "DIP", "AGND", "", "C", 60, 60, 39.37],
		[286, "J1_3", 720, 1234.64, "T", "DIP", "VDD33", "", "C", 60, 60, 39.37],
		[287, "J1_3", 720, 1234.64, "B", "DIP", "VDD33", "", "C", 60, 60, 39.37],
		[288, "J1_1", 520, 1234.64, "T", "DIP", "SPDIF_IN", "", "C", 60, 60, 39.37],
		[289, "J1_1", 520, 1234.64, "B", "DIP", "SPDIF_IN", "", "C", 60, 60, 39.37],
		[290, "J1_4", 520, 1337, "T", "DIP", "AGND", "", "C", 63.94, 63.94, 43.31],
		[291, "J1_4", 520, 1337, "B", "DIP", "AGND", "", "C", 63.94, 63.94, 43.31],
		[292, "J1_5", 720, 1337, "T", "DIP", "AGND", "", "C", 63.94, 63.94, 43.31],
		[293, "J1_5", 720, 1337, "B", "DIP", "AGND", "", "C", 63.94, 63.94, 43.31],
		[294, "LDO3_5", -626.07, 734.12, "T", "SMD", "VDD33", "", "R", 39.37, 23.62, 0],
		[295, "LDO3_4", -700.87, 734.12, "T", "SMD", "AGND", "", "R", 39.37, 23.62, 0],
		[296, "LDO3_3", -700.87, 836.49, "T", "SMD", "5V", "", "R", 39.37, 23.62, 0],
		[297, "LDO3_2", -663.47, 836.49, "T", "SMD", "AGND", "", "R", 39.37, 23.62, 0],
		[298, "LDO3_1", -626.07, 836.49, "T", "SMD", "5V", "", "R", 39.37, 23.62, 0],
		[299, "C42_2", -633.47, 907.58, "T", "SMD", "5V", "", "R", 31.5, 35.43, 0],
		[300, "C42_1", -688.59, 907.58, "T", "SMD", "AGND", "", "R", 31.5, 35.43, 0],
		[301, "C43_2", -635.45, 666.19, "T", "SMD", "VDD33", "", "R", 31.5, 35.43, 0],
		[302, "C43_1", -690.57, 666.19, "T", "SMD", "AGND", "", "R", 31.5, 35.43, 0],
		[303, "C44_2", -635.49, 609.73, "T", "SMD", "VDD33", "", "R", 31.5, 35.43, 0],
		[304, "C44_1", -690.61, 609.73, "T", "SMD", "AGND", "", "R", 31.5, 35.43, 0],
		[305, "C12_2", -427.46, 11.03, "T", "SMD", "GND", "GND", "R", 31.5, 35.43, 0],
		[306, "C12_1", -482.58, 11.03, "T", "SMD", "$2N47874", "", "R", 31.5, 35.43, 0],
		[307, "C6_2", -724.75, 554.03, "T", "SMD", "DVDD", "", "R", 31.5, 35.43, 0],
		[308, "C6_1", -669.63, 554.03, "T", "SMD", "GND", "GND", "R", 31.5, 35.43, 0],
		[309, "C7_2", -624.51, 133.73, "T", "SMD", "VDD33", "", "R", 31.5, 35.43, 0],
		[310, "C7_1", -679.63, 133.73, "T", "SMD", "GND", "GND", "R", 31.5, 35.43, 0],
		[311, "R9_2", -562.62, 71.67, "T", "SMD", "VDD33", "", "R", 31.75, 34.02, 0],
		[312, "R9_1", -562.62, 12.35, "T", "SMD", "$2N47874", "", "R", 31.75, 34.02, 0],
		[313, "R4_2", -157.82, 504.69, "T", "SMD", "DACO-LN", "", "R", 31.75, 34.02, 0],
		[314, "R4_1", -98.5, 504.69, "T", "SMD", "DACL", "", "R", 31.75, 34.02, 0],
		[315, "R6_2", -105.75, 883.35, "T", "SMD", "DACO-LP", "", "R", 31.75, 34.02, 0],
		[316, "R6_1", -46.43, 883.35, "T", "SMD", "DACLB", "", "R", 31.75, 34.02, 0],
		[317, "R1_2", -152.19, 1022.54, "T", "SMD", "VCCA", "", "R", 31.75, 34.02, 0],
		[318, "R1_1", -152.19, 1081.86, "T", "SMD", "OFFSET", "", "R", 31.75, 34.02, 0],
		[319, "R2_2", -100.56, 1081.98, "T", "SMD", "OFFSET", "", "R", 31.75, 34.02, 0],
		[320, "R2_1", -100.56, 1022.66, "T", "SMD", "AGND", "", "R", 31.75, 34.02, 0],
		[321, "C1_2", -45.76, 1080.68, "T", "SMD", "OFFSET", "", "R", 31.5, 35.43, 0],
		[322, "C1_1", -45.76, 1025.56, "T", "SMD", "AGND", "", "R", 31.5, 35.43, 0],
		[323, "C2_2", 10.39, 1080.57, "T", "SMD", "OFFSET", "", "R", 31.5, 35.43, 0],
		[324, "C2_1", 10.39, 1025.45, "T", "SMD", "AGND", "", "R", 31.5, 35.43, 0],
		[325, "R8_2", 10.22, 314.56, "T", "SMD", "DACO-RN", "", "R", 31.75, 34.02, 0],
		[326, "R8_1", -49.1, 314.56, "T", "SMD", "DACR", "", "R", 31.75, 34.02, 0],
		[327, "R11_2", -41.64, -68.77, "T", "SMD", "DACO-RP", "", "R", 31.75, 34.02, 0],
		[328, "R11_1", -100.96, -68.77, "T", "SMD", "DACRB", "", "R", 31.75, 34.02, 0],
		[329, "C4_2", -151.82, 853.84, "B", "SMD", "AGND", "", "R", 31.5, 35.43, 0],
		[330, "C4_1", -151.82, 798.72, "B", "SMD", "+12V", "", "R", 31.5, 35.43, 0],
		[331, "C5_2", -1.27, 532.3, "B", "SMD", "AGND", "", "R", 31.5, 35.43, 0],
		[332, "C5_1", -1.27, 587.42, "B", "SMD", "-12V", "", "R", 31.5, 35.43, 0],
		[333, "C3_2", -211.34, 449.59, "T", "SMD", "DACO-LN", "", "R", 31.5, 35.43, 0],
		[334, "C3_1", -156.22, 449.59, "T", "SMD", "$2N100308", "", "R", 31.5, 35.43, 0],
		[335, "C8_2", -161.37, 938.83, "T", "SMD", "DACO-LP", "", "R", 31.5, 35.43, 0],
		[336, "C8_1", -106.25, 938.83, "T", "SMD", "$2N100163", "", "R", 31.5, 35.43, 0],
		[337, "C9_2", 61.78, 368.6, "T", "SMD", "DACO-RN", "", "R", 31.5, 35.43, 0],
		[338, "C9_1", 6.66, 368.6, "T", "SMD", "$2N100240", "", "R", 31.5, 35.43, 0],
		[339, "C13_2", 16.42, -121.49, "T", "SMD", "DACO-RP", "", "R", 31.5, 35.43, 0],
		[340, "C13_1", -38.7, -121.49, "T", "SMD", "$2N100269", "", "R", 31.5, 35.43, 0],
		[341, "R3_2", -102.13, 449.01, "T", "SMD", "$2N100308", "", "R", 31.75, 34.02, 0],
		[342, "R3_1", -42.81, 449.01, "T", "SMD", "DACL", "", "R", 31.75, 34.02, 0],
		[343, "R5_2", -53.4, 938.02, "T", "SMD", "$2N100163", "", "R", 31.75, 34.02, 0],
		[344, "R5_1", 5.92, 938.02, "T", "SMD", "DACLB", "", "R", 31.75, 34.02, 0],
		[345, "R7_2", -46.62, 367.02, "T", "SMD", "$2N100240", "", "R", 31.75, 34.02, 0],
		[346, "R7_1", -105.94, 367.02, "T", "SMD", "DACR", "", "R", 31.75, 34.02, 0],
		[347, "R10_2", -93.03, -121.72, "T", "SMD", "$2N100269", "", "R", 31.75, 34.02, 0],
		[348, "R10_1", -152.35, -121.72, "T", "SMD", "DACRB", "", "R", 31.75, 34.02, 0],
		[349, "C10_2", 5.43, -40.88, "B", "SMD", "AGND", "", "R", 31.5, 35.43, 0],
		[350, "C10_1", 5.43, 14.24, "B", "SMD", "+12V", "", "R", 31.5, 35.43, 0],
		[351, "C11_2", -148.71, 281.52, "B", "SMD", "AGND", "", "R", 31.5, 35.43, 0],
		[352, "C11_1", -148.71, 226.4, "B", "SMD", "-12V", "", "R", 31.5, 35.43, 0],
		[353, "C17_2", 537.2, 662.73, "B", "SMD", "AGND", "", "R", 31.5, 35.43, 0],
		[354, "C17_1", 482.08, 662.73, "B", "SMD", "-12V", "", "R", 31.5, 35.43, 0],
		[355, "C21_2", 481.88, 716.51, "B", "SMD", "+12V", "", "R", 31.5, 35.43, 0],
		[356, "C21_1", 537, 716.51, "B", "SMD", "AGND", "", "R", 31.5, 35.43, 0],
		[357, "C18_2", 785.21, 720.27, "B", "SMD", "AGND", "", "R", 31.5, 35.43, 0],
		[358, "C18_1", 785.21, 665.15, "B", "SMD", "5V", "", "R", 31.5, 35.43, 0],
		[359, "C27_2", 799, 147.66, "B", "SMD", "AGND", "", "R", 31.5, 35.43, 0],
		[360, "C27_1", 799, 92.54, "B", "SMD", "5V", "", "R", 31.5, 35.43, 0],
		[361, "C26_2", 536.78, 90.75, "B", "SMD", "AGND", "", "R", 31.5, 35.43, 0],
		[362, "C26_1", 481.66, 90.75, "B", "SMD", "-12V", "", "R", 31.5, 35.43, 0],
		[363, "C30_2", 481.04, 145.67, "B", "SMD", "+12V", "", "R", 31.5, 35.43, 0],
		[364, "C30_1", 536.16, 145.67, "B", "SMD", "AGND", "", "R", 31.5, 35.43, 0],
		[365, "C36_2", -507.74, 905.62, "T", "SMD", "5V", "", "R", 31.5, 35.43, 0],
		[366, "C36_1", -562.86, 905.62, "T", "SMD", "AGND", "", "R", 31.5, 35.43, 0],
		[367, "C37_2", -510.52, 665.53, "T", "SMD", "VCCA", "", "R", 31.5, 35.43, 0],
		[368, "C37_1", -565.64, 665.53, "T", "SMD", "AGND", "", "R", 31.5, 35.43, 0],
		[369, "C38_2", -510.52, 608.24, "T", "SMD", "VCCA", "", "R", 31.5, 35.43, 0],
		[370, "C38_1", -565.64, 608.24, "T", "SMD", "AGND", "", "R", 31.5, 35.43, 0],
		[371, "C39_2", -763.33, 905.37, "T", "SMD", "5V", "", "R", 31.5, 35.43, 0],
		[372, "C39_1", -818.45, 905.37, "T", "SMD", "AGND", "", "R", 31.5, 35.43, 0],
		[373, "C40_2", -760.35, 666.98, "T", "SMD", "DVDD", "", "R", 31.5, 35.43, 0],
		[374, "C40_1", -815.47, 666.98, "T", "SMD", "AGND", "", "R", 31.5, 35.43, 0],
		[375, "C41_2", -760.23, 609.57, "T", "SMD", "DVDD", "", "R", 31.5, 35.43, 0],
		[376, "C41_1", -815.35, 609.57, "T", "SMD", "AGND", "", "R", 31.5, 35.43, 0],
		[377, "C45_2", -261.49, 580.59, "B", "SMD", "AGND", "", "R", 31.5, 35.43, 0],
		[378, "C45_1", -261.49, 635.71, "B", "SMD", "+12V", "", "R", 31.5, 35.43, 0],
		[379, "C48_2", -298.14, 774.72, "B", "SMD", "AGND", "", "R", 31.5, 35.43, 0],
		[380, "C48_1", -353.26, 774.72, "B", "SMD", "-12V", "", "R", 31.5, 35.43, 0],
		[381, "C46_2", -383.5, 553.25, "T", "SMD", "AGND", "", "R", 31.5, 35.43, 0],
		[382, "C46_1", -438.62, 553.25, "T", "SMD", "AVCCL", "", "R", 31.5, 35.43, 0],
		[383, "C52_2", -319.12, 248.84, "T", "SMD", "AGND", "", "R", 31.5, 35.43, 0],
		[384, "C52_1", -374.24, 248.84, "T", "SMD", "AVCCR", "", "R", 31.5, 35.43, 0],
		[385, "C50_2", 622.8, -935.49, "T", "DIP", "AGND", "", "C", 62.99, 62.99, 39.37],
		[386, "C50_2", 622.8, -935.49, "B", "DIP", "AGND", "", "C", 62.99, 62.99, 39.37],
		[387, "C50_1", 760.6, -935.49, "T", "DIP", "+12V", "", "C", 62.99, 62.99, 39.37],
		[388, "C50_1", 760.6, -935.49, "B", "DIP", "+12V", "", "C", 62.99, 62.99, 39.37],
		[389, "C49_2", -763.22, -934.04, "T", "DIP", "-12V", "", "C", 62.99, 62.99, 39.37],
		[390, "C49_2", -763.22, -934.04, "B", "DIP", "-12V", "", "C", 62.99, 62.99, 39.37],
		[391, "C49_1", -625.42, -934.04, "T", "DIP", "AGND", "", "C", 62.99, 62.99, 39.37],
		[392, "C49_1", -625.42, -934.04, "B", "DIP", "AGND", "", "C", 62.99, 62.99, 39.37],
		[393, "R37_2", 107.85, -569.63, "T", "SMD", "$3N32150", "", "R", 31.75, 34.02, 0],
		[394, "R37_1", 167.17, -569.63, "T", "SMD", "BAL-R-COLD", "", "R", 31.75, 34.02, 0],
		[395, "R38_2", 748.91, -570.9, "T", "SMD", "SIGN-R", "", "R", 31.75, 34.02, 0],
		[396, "R38_1", 689.59, -570.9, "T", "SMD", "BAL-R-HOT", "", "R", 31.75, 34.02, 0],
		[397, "R39_2", -763.02, -570.11, "T", "SMD", "$3N32238", "", "R", 31.75, 34.02, 0],
		[398, "R39_1", -703.7, -570.11, "T", "SMD", "BAL-L-COLD", "", "R", 31.75, 34.02, 0],
		[399, "R40_2", -126.6, -569.53, "T", "SMD", "SIGN-L", "", "R", 31.75, 34.02, 0],
		[400, "R40_1", -185.92, -569.53, "T", "SMD", "BAL-L-HOT", "", "R", 31.75, 34.02, 0],
		[401, "R42_2", -75.68, -469.73, "T", "SMD", "AGND", "", "R", 31.75, 34.02, 0],
		[402, "R42_1", -135, -469.73, "T", "SMD", "$3N31157", "", "R", 31.75, 34.02, 0],
		[403, "R43_2", -755.68, -468.71, "T", "SMD", "$3N31183", "", "R", 31.75, 34.02, 0],
		[404, "R43_1", -815, -468.71, "T", "SMD", "AGND", "", "R", 31.75, 34.02, 0],
		[405, "R44_2", 801.26, -471.85, "T", "SMD", "AGND", "", "R", 31.75, 34.02, 0],
		[406, "R44_1", 741.94, -471.85, "T", "SMD", "$3N31753", "", "R", 31.75, 34.02, 0],
		[407, "R45_2", 116.39, -471.3, "T", "SMD", "$3N31755", "", "R", 31.75, 34.02, 0],
		[408, "R45_1", 57.07, -471.3, "T", "SMD", "AGND", "", "R", 31.75, 34.02, 0],
		[409, "C53_2", -560.32, -682.25, "B", "SMD", "+12V", "", "R", 31.5, 35.43, 0],
		[410, "C53_1", -560.32, -737.37, "B", "SMD", "AGND", "", "R", 31.5, 35.43, 0],
		[411, "C54_2", -268.76, -681.39, "B", "SMD", "-12V", "", "R", 31.5, 35.43, 0],
		[412, "C54_1", -268.76, -736.51, "B", "SMD", "AGND", "", "R", 31.5, 35.43, 0],
		[413, "C55_2", 612.22, -682.57, "B", "SMD", "-12V", "", "R", 31.5, 35.43, 0],
		[414, "C55_1", 612.22, -737.69, "B", "SMD", "AGND", "", "R", 31.5, 35.43, 0],
		[415, "C56_2", 316.43, -683.91, "B", "SMD", "+12V", "", "R", 31.5, 35.43, 0],
		[416, "C56_1", 316.43, -739.03, "B", "SMD", "AGND", "", "R", 31.5, 35.43, 0],
		[417, "C57_2", -744.87, -825.97, "B", "SMD", "-12V", "", "R", 55.51, 53.15, 0],
		[418, "C57_1", -666.13, -825.97, "B", "SMD", "AGND", "", "R", 55.51, 53.15, 0],
		[419, "C58_2", 734.85, -842.66, "B", "SMD", "+12V", "", "R", 55.51, 53.15, 0],
		[420, "C58_1", 656.11, -842.66, "B", "SMD", "AGND", "", "R", 55.51, 53.15, 0]
	]
}
}